Vare-ID,Status / Badge,Produktnavn,Model,Kategori,Designer,Periode / Årstal,Producent / Værksted,Pris (DKK),Dimensioner (Samlet),Bredde,Dybde,Højde,Siddehøjde,Materiale / Stel,Herkomst & Stand,Uddybende Produktbeskrivelse,Kort Beskrivelse,Google Sheets Billede (Preview),Hovedbillede URL (Main),Billede 2 URL (Front),Billede 3 URL (Side),Billede 4 URL (Detail/Back)
barrel-armchair-brown-leather,Totalistandsat / På lager,Barrel Armchair i Brunt Læder & Fleece,Barrel Armchair,Lænestole,Skandinavisk Formgiver,ca. 1950-1960,Dansk Møbelpolstrer,18.500 kr.,"B: 82 cm, D: 78 cm, H: 76 cm (Siddehøjde: 42 cm)",82 cm,78 cm,76 cm,42 cm,Organisk barrel-formet skal med patineret brunt læder og blød krøllet uldfleece,Klassisk mid-century formsprog. Fuldstændig gennemgået og nypolstret på eget værksted hos Lopperne.,"En enestående og skulpturel barrel armchair med en favnende organisk kurve. Udvendigt fremstår stolen i lækkert, velpatineret brunt kvalitetslæder, mens inderdel og sæde er nypolstret med blød, krøllet uldfleece for sublim siddekomfort. Et unikt statement-piece til det stilbevidste hjem.",Eksklusiv barrel armchair betrukket med varmt brunt patineret læder og luksuriøs krøllet fleece.,"=IMAGE(""https://t2mmanila-rgb.github.io/lopperne-preview/Images%20Furnitures/Barrel_Armchair_Brown%20Leather&Curly_Fleece/Main_Barrel_Armchair_Brown%20Leather&Curly_Fleece.jpg"")",https://t2mmanila-rgb.github.io/lopperne-preview/Images%20Furnitures/Barrel_Armchair_Brown%20Leather&Curly_Fleece/Main_Barrel_Armchair_Brown%20Leather&Curly_Fleece.jpg,https://t2mmanila-rgb.github.io/lopperne-preview/Images%20Furnitures/Barrel_Armchair_Brown%20Leather&Curly_Fleece/Front_Barrel_Armchair_Brown%20Leather&Curly_Fleece.jpg,https://t2mmanila-rgb.github.io/lopperne-preview/Images%20Furnitures/Barrel_Armchair_Brown%20Leather&Curly_Fleece/Back_Barrel_Armchair_Brown%20Leather&Curly_Fleece.jpg,https://t2mmanila-rgb.github.io/lopperne-preview/Images%20Furnitures/Barrel_Armchair_Brown%20Leather&Curly_Fleece/Detail_Barrel_Armchair_Brown%20Leather&Curly_Fleece.jpg
spindle-back-lounge-chairs-pair,Nypolstret / På lager,Sortlakerede Tremmestole med Lammeskind & Skamler (Par),Spindle-Back Lounge Chairs & Skamler (Par),Lænestole,Dansk Møbelarkitekt,ca. 1950,Dansk Snedkerværksted,24.500 kr. (samlet sæt),"B: 75 cm, D: 82 cm, H: 88 cm (Siddehøjde: 43 cm)",75 cm,82 cm,88 cm,43 cm,"Sortlakeret massivt bøg/birk med tremmeryg, nypolstret med krøllet hvidt lammeskind og matchende skamler","Dansk snedkerklassiker fra 1950'erne. Træværket er efterset og nylakeret, og polstringen er udført på eget værksted hos Lopperne.","Et sjældent og utrolig smukt samlet sæt bestående af to sortlakerede tremme-lænestole med organiske armlæn og tilhørende buede fodskamler. Stolene og skamlerne er nypolstret med tæt, blødt hvidt lammeskind af højeste kvalitet. Det elegante spil mellem det dybsorte træværk og det lyse lammeskind skaber en markant grafisk og hyggelig kontrast.",Eksklusivt par sortlakerede tremmestole nypolstret med ægte lammeskind samt 2 matchende fodskamler.,"=IMAGE(""https://t2mmanila-rgb.github.io/lopperne-preview/Images%20Furnitures/Black_Lacquered_Spindle-Back_Lounge_Chairs_with_Sheepskin&Footrests%20(Pair)/Main_Black_Lacquered_Spindle-Back_Lounge_Chairs_with_Sheepskin&Footrests.jpg"")",https://t2mmanila-rgb.github.io/lopperne-preview/Images%20Furnitures/Black_Lacquered_Spindle-Back_Lounge_Chairs_with_Sheepskin&Footrests%20(Pair)/Main_Black_Lacquered_Spindle-Back_Lounge_Chairs_with_Sheepskin&Footrests.jpg,https://t2mmanila-rgb.github.io/lopperne-preview/Images%20Furnitures/Black_Lacquered_Spindle-Back_Lounge_Chairs_with_Sheepskin&Footrests%20(Pair)/Front_Black_Lacquered_Spindle-Back_Lounge_Chairs_with_Sheepskin&Footrests.jpg,https://t2mmanila-rgb.github.io/lopperne-preview/Images%20Furnitures/Black_Lacquered_Spindle-Back_Lounge_Chairs_with_Sheepskin&Footrests%20(Pair)/Back_Black_Lacquered_Spindle-Back_Lounge_Chairs_with_Sheepskin&Footrests.jpg,https://t2mmanila-rgb.github.io/lopperne-preview/Images%20Furnitures/Black_Lacquered_Spindle-Back_Lounge_Chairs_with_Sheepskin&Footrests%20(Pair)/Detail_Black_Lacquered_Spindle-Back_Lounge_Chairs_with_Sheepskin&Footrests.jpg
compact-boucle-armchairs-pair,Nypolstret / På lager,Mid-Century Bouclé Lænestole (Par),Kompakte Lænestole (Par),Lænestole,Skandinavisk Formgiver,ca. 1950-1960,Dansk Møbelproducent,21.000 kr. (samlet par),"B: 76 cm, D: 78 cm, H: 82 cm (Siddehøjde: 42 cm)",76 cm,78 cm,82 cm,42 cm,"Kompakt organisk formspændt ramme med mørkbejdsede massive ben, nypolstret med råhvid bouclé",Originale skandinaviske lænestole. Totalistandsat med ny skumopbygning og bouclé-betræk hos Lopperne.,"Par af indbydende og kompakte lænestole fra 1950'erne. Stolene har en blød, kurvet ryg med klassisk knapindheftning og let svungne armlæn. Nypolstret med luksuriøst, vamset bouclé-tekstil i en varm råhvid nuance. De tilspidsede mørke træben giver et svævende og harmonisk udtryk. Sælges samlet som par.",Elegante mid-century lænestole nypolstret med taktil råhvid bouclé og rygknapper.,"=IMAGE(""https://t2mmanila-rgb.github.io/lopperne-preview/Images%20Furnitures/Compact_Mid-Century_Boucle_Armchairs%20(Pair)/Main_Compact_Mid-Century_Boucle_Armchairs.jpg"")",https://t2mmanila-rgb.github.io/lopperne-preview/Images%20Furnitures/Compact_Mid-Century_Boucle_Armchairs%20(Pair)/Main_Compact_Mid-Century_Boucle_Armchairs.jpg,https://t2mmanila-rgb.github.io/lopperne-preview/Images%20Furnitures/Compact_Mid-Century_Boucle_Armchairs%20(Pair)/Front_Compact_Mid-Century_Boucle_Armchairs.jpg,https://t2mmanila-rgb.github.io/lopperne-preview/Images%20Furnitures/Compact_Mid-Century_Boucle_Armchairs%20(Pair)/Back_Compact_Mid-Century_Boucle_Armchairs.jpg,https://t2mmanila-rgb.github.io/lopperne-preview/Images%20Furnitures/Compact_Mid-Century_Boucle_Armchairs%20(Pair)/Detail_Compact_Mid-Century_Boucle_Armchairs.png
high-back-sheepskin-leather-chairs,Totalistandsat / På lager,Højryggede Lænestole i Lammeskind & Læder (Par),High-Back Easy Chairs (Par),Lænestole,Dansk Møbelarkitekt,ca. 1950,Dansk Snedkermester,28.000 kr. (samlet par),"B: 84 cm, D: 86 cm, H: 95 cm (Siddehøjde: 43 cm)",84 cm,86 cm,95 cm,43 cm,"Massiv trækonstruktion med egetræsben, tykt krøllet lammeskind og kraftige patinerede læderpuder",Dansk snedkerarbejde fra midten af det 20. århundrede. Totalistandsat og nypolstret på værkstedet hos Lopperne.,"Et exceptionelt par skulpturelle højryggede lænestole. Korpus er polstret med fyldigt, blødt krøllet lammeskind, suppleret med dybe, vendbare sædepuder i patineret mørkebrunt læder for maksimal slidstyrke og karakter. Med massive koniske ben i lys eg og enestående ergonomisk støtte til ryg og nakke. Sælges samlet som par.",Storslåede højryggede øreklapstole betrukket med ægte lammeskind og lækre læderpuder.,"=IMAGE(""https://t2mmanila-rgb.github.io/lopperne-preview/Images%20Furnitures/High-Back_Sheepskin&Leather_Easy_Chairs%20(Pair)/Main_High-Back_Sheepskin&Leather_Easy_Chairs.jpg"")",https://t2mmanila-rgb.github.io/lopperne-preview/Images%20Furnitures/High-Back_Sheepskin&Leather_Easy_Chairs%20(Pair)/Main_High-Back_Sheepskin&Leather_Easy_Chairs.jpg,https://t2mmanila-rgb.github.io/lopperne-preview/Images%20Furnitures/High-Back_Sheepskin&Leather_Easy_Chairs%20(Pair)/Front_High-Back_Sheepskin&Leather_Easy_Chairs.jpg,https://t2mmanila-rgb.github.io/lopperne-preview/Images%20Furnitures/High-Back_Sheepskin&Leather_Easy_Chairs%20(Pair)/Side_High-Back_Sheepskin&Leather_Easy_Chairs.jpg,https://t2mmanila-rgb.github.io/lopperne-preview/Images%20Furnitures/High-Back_Sheepskin&Leather_Easy_Chairs%20(Pair)/Back_High-Back_Sheepskin&Leather_Easy_Chairs.jpg
scandinavian-corner-dressing-table,På lager,Hjørne-Toiletbord & Spejl i Lys Eg (Sæt),"Hjørnebord med integreret skuffe, Spejl & Taburet",Borde,Skandinavisk Snedkermester,ca. 1960,Nordisk Møbelsnedkeri,16.800 kr. (for hele sættet),"B: 80 cm, D: 55 cm, H: 74 cm (bord) / 85 cm (spejl) (Siddehøjde: 45 cm (taburet))",80 cm,55 cm,74 cm (bord) / 85 cm (spejl),45 cm (taburet),"Massiv lys egetræskonstruktion med fingertappede samlinger, skjult smykkeskuffe, vægspejl og grøn velourtaburet",Nordisk snedkerhåndværk af højeste karat. Træværket er nænsomt renset og behandlet med hvidpigmenteret sæbeolie hos Lopperne.,"Et komplet og sjældent designersæt bestående af et kurvet hjørnebord med diskret integreret smykkerum/skuffe i bordpladen, et matchende rektangulært vægspejl med egeramme samt en skulpturel taburet betrukket med mosgrøn velour. Udført i massiv, fintslebet lys eg med udsøgte organiske hjørnesamlinger. Perfekt til soveværelset eller entréen.","Raffineret hjørne-toiletbord i lys eg med opklappeligt opbevaringsrum, spejl og taburet.","=IMAGE(""https://t2mmanila-rgb.github.io/lopperne-preview/Images%20Furnitures/Scandinavian_Light_Oak_Corner_Dressing_Table_Mirror%20(Set)/Main_Scandinavian_Light_Oak_Corner_Dressing_Table_Mirror.jpg"")",https://t2mmanila-rgb.github.io/lopperne-preview/Images%20Furnitures/Scandinavian_Light_Oak_Corner_Dressing_Table_Mirror%20(Set)/Main_Scandinavian_Light_Oak_Corner_Dressing_Table_Mirror.jpg,https://t2mmanila-rgb.github.io/lopperne-preview/Images%20Furnitures/Scandinavian_Light_Oak_Corner_Dressing_Table_Mirror%20(Set)/Front_Scandinavian_Light_Oak_Corner_Dressing_Table_Mirror.jpg,https://t2mmanila-rgb.github.io/lopperne-preview/Images%20Furnitures/Scandinavian_Light_Oak_Corner_Dressing_Table_Mirror%20(Set)/Detail2_Scandinavian_Light_Oak_Corner_Dressing_Table_Mirror.jpg,https://t2mmanila-rgb.github.io/lopperne-preview/Images%20Furnitures/Scandinavian_Light_Oak_Corner_Dressing_Table_Mirror%20(Set)/Detail_Scandinavian_Light_Oak_Corner_Dressing_Table_Mirror.jpg
vintage-teak-bar-cart,Original stand / På lager,Vintage Rullebord & Barvogn i Teak & Rød,To-Etagers Serveringsvogn på Hjul,Borde,Dansk Design,ca. 1960,Dansk Møbelfabrikant,8.500 kr.,"B: 68 cm, D: 46 cm, H: 62 cm",68 cm,46 cm,62 cm,-,Massiv teaktræsramme med to etager af kontrastfyldte røde bakkeplader og forkromede drejehjul,"Original mid-century klassiker. Teaktræet er renset og nænsomt olieret, og hjulene er smurt og poleret hos Lopperne.","Klassisk dansk rullebord fra 1960'erne udført med stel i varm gylden teaktræ og to vendbare/aftørrelige bakkeplader i livlig rød laminat/formica. Udstyret med originale letløbende forkromede hjul. Ideel som funktionel cocktail- og barvogn, afsætningsbord eller rullende kaffebord i det moderne hjem.",Ikonisk to-etagers barvogn og rullebord i massiv teak med røde bakkeplader og hjul.,"=IMAGE(""https://t2mmanila-rgb.github.io/lopperne-preview/Images%20Furnitures/Vintage_Red&Teakwood_Two-Tier_Rolling_Tea-Bar_Cart/Main_Vintage_Red&Teakwood_Two-Tier_Rolling_Tea-Bar_Cart.jpg"")",https://t2mmanila-rgb.github.io/lopperne-preview/Images%20Furnitures/Vintage_Red&Teakwood_Two-Tier_Rolling_Tea-Bar_Cart/Main_Vintage_Red&Teakwood_Two-Tier_Rolling_Tea-Bar_Cart.jpg,https://t2mmanila-rgb.github.io/lopperne-preview/Images%20Furnitures/Vintage_Red&Teakwood_Two-Tier_Rolling_Tea-Bar_Cart/Front_Vintage_Red&Teakwood_Two-Tier_Rolling_Tea-Bar_Cart.jpg,https://t2mmanila-rgb.github.io/lopperne-preview/Images%20Furnitures/Vintage_Red&Teakwood_Two-Tier_Rolling_Tea-Bar_Cart/Side_Vintage_Red&Teakwood_Two-Tier_Rolling_Tea-Bar_Cart.jpg,https://t2mmanila-rgb.github.io/lopperne-preview/Images%20Furnitures/Vintage_Red&Teakwood_Two-Tier_Rolling_Tea-Bar_Cart/Detail_Vintage_Red&Teakwood_Two-Tier_Rolling_Tea-Bar_Cart.jpg
sheepskin-2-seater-sofa,Nypolstret / På lager,2-Personers Sofa i Ægte Lammeskind,Kurvet 2-Personers Sofa,Sofaer,Skandinavisk Arkitekt,ca. 1940-1950,Dansk Snedkermester,34.000 kr.,"B: 145 cm, D: 80 cm, H: 78 cm (Siddehøjde: 41 cm)",145 cm,80 cm,78 cm,41 cm,"Massiv trækonstruktion med koniske træben, nypolstret med blødt krøllet lammeskind",Dansk snedkermestermøbel fra 1940'erne. Komplet nyistandsat og polstret med ægte lammeskind hos Lopperne.,"Enestående to-personers sofa med svungne former og bløde organiske linjer. Sofaen er blevet totalt restaureret med ny fjedre-opbygning og betrukket med tæt, silkeblødt lammeskind af højeste kvalitet. Med sine elegante tilspidsede træben udstråler den varme, hygge og tidløs skandinavisk elegance.","Charmerende og indbydende to-personers sofa nypolstret med luksuriøst, blødt lammeskind.","=IMAGE(""https://t2mmanila-rgb.github.io/lopperne-preview/Images%20Furnitures/Sheepskin_2-Seater_Sofa/Main_Sheepskin2-SeaterSofa.jpg"")",https://t2mmanila-rgb.github.io/lopperne-preview/Images%20Furnitures/Sheepskin_2-Seater_Sofa/Main_Sheepskin2-SeaterSofa.jpg,https://t2mmanila-rgb.github.io/lopperne-preview/Images%20Furnitures/Sheepskin_2-Seater_Sofa/Forfra_Sheepskin2-SeaterSofa.jpg,https://t2mmanila-rgb.github.io/lopperne-preview/Images%20Furnitures/Sheepskin_2-Seater_Sofa/Fra_side_Sheepskin2-SeaterSofa.jpg,https://t2mmanila-rgb.github.io/lopperne-preview/Images%20Furnitures/Sheepskin_2-Seater_Sofa/Detail_Sheepskin2-SeaterSofa.jpg
chrome-black-leather-sling-chairs,Original stand / På lager,Par Sling Lounge Stole i Krom & Læder,Sling Lounge Chairs (Par),Lænestole,Modernistisk Designer,ca. 1970,Skandinavisk Fabrikat,22.500 kr. (samlet par),"B: 74 cm, D: 76 cm, H: 72 cm (Siddehøjde: 39 cm)",74 cm,76 cm,72 cm,39 cm,Forkromet rørstel med udspændt kraftigt sort kernelæder,"Par af originale lounge stole fra 1970'erne. Renset, læderplejet og forkromning poleret hos Lopperne.","Fantastisk par modernistiske sling lounge chairs fra 1970'erne. Stellet er udført i spejlblankt, forkromet stålrør med et elegant svævende udtryk. Sæde og ryg er monteret med tykt patineret sort læder, der giver en fantastisk fjedrende og afslappet siddekomfort. Sælges samlet som par.",Sjældent matchende par arkitektoniske loungestole i forkromet stål og sort kernelæder.,"=IMAGE(""https://t2mmanila-rgb.github.io/lopperne-preview/Images%20Furnitures/Chrome&Black_Leather_Sling_Lounge_Chairs%20(Pair)/Main_Chrome&Black_Leather_Sling_Lounge_Chairs%20(Pair).jpg"")",https://t2mmanila-rgb.github.io/lopperne-preview/Images%20Furnitures/Chrome&Black_Leather_Sling_Lounge_Chairs%20(Pair)/Main_Chrome&Black_Leather_Sling_Lounge_Chairs%20(Pair).jpg,https://t2mmanila-rgb.github.io/lopperne-preview/Images%20Furnitures/Chrome&Black_Leather_Sling_Lounge_Chairs%20(Pair)/Front_Chrome&Black_Leather_Sling_Lounge_Chairs%20(Pair).jpg,https://t2mmanila-rgb.github.io/lopperne-preview/Images%20Furnitures/Chrome&Black_Leather_Sling_Lounge_Chairs%20(Pair)/Back_Chrome&Black_Leather_Sling_Lounge_Chairs%20(Pair).jpg,https://t2mmanila-rgb.github.io/lopperne-preview/Images%20Furnitures/Chrome&Black_Leather_Sling_Lounge_Chairs%20(Pair)/Detail_Chrome&Black_Leather_Sling_Lounge_Chairs%20(Pair).jpg
terracotta-patterned-armchair,Nyrenoveret / På lager,Terracotta Mønstret Lænestol,Klassisk Lænestol,Lænestole,Dansk Møbelarkitekt,ca. 1960,Dansk Værksted,14.800 kr.,"B: 80 cm, D: 84 cm, H: 86 cm (Siddehøjde: 43 cm)",80 cm,84 cm,86 cm,43 cm,Klassisk formspændt ramme betrukket med eksklusivt terracotta jacquard-stof,"Klassisk dansk lænestol, efterset og nypolstret på eget værksted hos Lopperne.","Klassisk lænestol med høj ryg og dybe, favnende armlæn. Nypolstret med et udsøgt vævet møbelstof i varme terracotta- og jordfarvede nuancer. Polstringen er udført med fokus på ergonomisk støtte og langtidsholdbar komfort, perfekt til læsekrogen.",Indbydende lænestol betrukket med dekorativt terracotta geometrisk jacquard-tekstil.,"=IMAGE(""https://t2mmanila-rgb.github.io/lopperne-preview/Images%20Furnitures/Terracotta_Patterned_Armchair/Main_Terracotta_Patterned_Armchair.jpg"")",https://t2mmanila-rgb.github.io/lopperne-preview/Images%20Furnitures/Terracotta_Patterned_Armchair/Main_Terracotta_Patterned_Armchair.jpg,https://t2mmanila-rgb.github.io/lopperne-preview/Images%20Furnitures/Terracotta_Patterned_Armchair/Front_Terracotta_Patterned_Armchair.jpg,https://t2mmanila-rgb.github.io/lopperne-preview/Images%20Furnitures/Terracotta_Patterned_Armchair/Side_Terracotta_Patterned_Armchair.jpg,https://t2mmanila-rgb.github.io/lopperne-preview/Images%20Furnitures/Terracotta_Patterned_Armchair/Detail_Terracotta_Patterned_Armchair.jpg
vintage-country-floral-armchair,Original vintage / På lager,Vintage Floral Lænestol med Skørt,Country Easy Chair med skørt,Lænestole,Traditionelt Værksted,ca. 1950,Snedker- & Polstrerværksted,12.500 kr.,"B: 84 cm, D: 82 cm, H: 80 cm (Siddehøjde: 42 cm)",84 cm,82 cm,80 cm,42 cm,Klassisk korpus med nederste kappe/skørt og blomstret vintage tekstil,"Velbevaret vintage møbel, nænsomt renset, opstrammet og plejet hos Lopperne.","En hjertevarm og nostalgisk vintage lænestol i romantisk country-stil. Betrukket med et detaljeret blomstermønstret tekstil med bløde kurver, dyb sædepude og elegant skørt omkring benene. Giver en fantastisk personlighed og hyggelig atmosfære til ethvert hjem.",Stemningsfuld vintage lænestol med romantisk blomstermønster og elegant skørt langs bunden.,"=IMAGE(""https://t2mmanila-rgb.github.io/lopperne-preview/Images%20Furnitures/Vintage_Country_Floral_Armchair_with_Skirt/Main_Vintage_Country_Floral_Armchair_with_Skirt.jpg"")",https://t2mmanila-rgb.github.io/lopperne-preview/Images%20Furnitures/Vintage_Country_Floral_Armchair_with_Skirt/Main_Vintage_Country_Floral_Armchair_with_Skirt.jpg,https://t2mmanila-rgb.github.io/lopperne-preview/Images%20Furnitures/Vintage_Country_Floral_Armchair_with_Skirt/Front_Vintage_Country_Floral_Armchair_with_Skirt.jpg,https://t2mmanila-rgb.github.io/lopperne-preview/Images%20Furnitures/Vintage_Country_Floral_Armchair_with_Skirt/Side_Vintage_Country_Floral_Armchair_with_Skirt.jpg,https://t2mmanila-rgb.github.io/lopperne-preview/Images%20Furnitures/Vintage_Country_Floral_Armchair_with_Skirt/Detail_Vintage_Country_Floral_Armchair_with_Skirt.jpg
floor-lamp-pleated-dusky-pink,Gennemgået el / På lager,Gulvlampe med Plisseret Rosa Skærm,Vintage Standerlampe i Skandinavisk Design,Specialevarer,Klassisk Belysningsarkitekt,ca. 1950-1960,Dansk Lampefabrikant,6.800 kr.,"B: 45 cm (skærm), D: 52 cm, H: 148 cm",45 cm (skærm),52 cm,148 cm,-,Krum standerarm på rund fod med håndplisseret lampeskærm i støvet rosa,"Original mid-century skandinavisk gulvlampe, el-renoveret og efterset hos Lopperne.","Smuk og skulpturel gulvlampe fra midten af det 20. århundrede. Lampen fremstår med en harmonisk buet stander på en solid rund fod og krones af en udsøgt, håndfoldet plisseret skærm i en varm støvet rosa nuance. Den giver et behageligt og stemningsfuldt lys, perfekt ved siden af lænestolen eller sofaen. El og ledning er efterset og monteret med ny afbryder.",Elegant skandinavisk gulvlampe med håndfoldet plisseret skærm i en fin støvet rosa nuance.,"=IMAGE(""https://t2mmanila-rgb.github.io/lopperne-preview/Images%20Furnitures/Floor_Lamp_with_Pleated_Dusky_Pink_Shade/Main_Floor_Lamp_with_Pleated_Dusky_Pink_Shade.jpg"")",https://t2mmanila-rgb.github.io/lopperne-preview/Images%20Furnitures/Floor_Lamp_with_Pleated_Dusky_Pink_Shade/Main_Floor_Lamp_with_Pleated_Dusky_Pink_Shade.jpg,https://t2mmanila-rgb.github.io/lopperne-preview/Images%20Furnitures/Floor_Lamp_with_Pleated_Dusky_Pink_Shade/Front_Floor_Lamp_with_Pleated_Dusky_Pink_Shade.jpg,https://t2mmanila-rgb.github.io/lopperne-preview/Images%20Furnitures/Floor_Lamp_with_Pleated_Dusky_Pink_Shade/Side_Floor_Lamp_with_Pleated_Dusky_Pink_Shade.jpg,https://t2mmanila-rgb.github.io/lopperne-preview/Images%20Furnitures/Floor_Lamp_with_Pleated_Dusky_Pink_Shade/Detail_Floor_Lamp_with_Pleated_Dusky_Pink_Shade.jpg
